[{"text": "toot hoot!", "author_id": 1, "id": 0, "parent_id": null}, 
	{"text": "loot boot!", "author_id": 8, "id": 1, "parent_id": 0}, 
	{"text": "boot boot!", "author_id": 2, "id": 2, "parent_id": null}, 
	{"text": "hoot toot!", "author_id": 5, "id": 3, "parent_id": null}, 
	{"text": "boot hoot!", "author_id": 9, "id": 4, "parent_id": null}, 
	{"text": "choot doot!", "author_id": 0, "id": 5, "parent_id": null}, 
	{"text": "root zoot!", "author_id": 7, "id": 6, "parent_id": 4}, 
	{"text": "root woot!", "author_id": 5, "id": 7, "parent_id": 6}, 
	{"text": "boot doot!", "author_id": 5, "id": 8, "parent_id": 2}, 
	{"text": "woot zoot!", "author_id": 4, "id": 9, "parent_id": 6}, 
	{"text": "toot doot!", "author_id": 1, "id": 10, "parent_id": 4}, 
	{"text": "woot choot!", "author_id": 3, "id": 11, "parent_id": 10}, 
	{"text": "hoot loot!", "author_id": 3, "id": 12, "parent_id": 0}, 
	{"text": "toot woot!", "author_id": 0, "id": 13, "parent_id": null}, 
	{"text": "loot doot!", "author_id": 9, "id": 14, "parent_id": 3}, 
	{"text": "noot woot!", "author_id": 2, "id": 15, "parent_id": null}, 
	{"text": "noot hoot!", "author_id": 7, "id": 16, "parent_id": 3}, 
	{"text": "choot choot!", "author_id": 2, "id": 17, "parent_id": null}, 
	{"text": "hoot hoot!", "author_id": 1, "id": 18, "parent_id": 5}, 
	{"text": "boot toot!", "author_id": 4, "id": 19, "parent_id": null}, 
	{"text": "loot toot!", "author_id": 6, "id": 20, "parent_id": null}, 
	{"text": "root hoot!", "author_id": 7, "id": 21, "parent_id": null}, 
	{"text": "woot noot!", "author_id": 8, "id": 22, "parent_id": 8}, 
	{"text": "woot boot!", "author_id": 2, "id": 23, "parent_id": 17}, 
	{"text": "zoot toot!", "author_id": 5, "id": 24, "parent_id": null}, 
	{"text": "woot noot!", "author_id": 7, "id": 25, "parent_id": 3}, 
	{"text": "noot loot!", "author_id": 6, "id": 26, "parent_id": 3}, 
	{"text": "toot choot!", "author_id": 6, "id": 27, "parent_id": 10}, 
	{"text": "doot noot!", "author_id": 6, "id": 28, "parent_id": 25}, 
	{"text": "doot toot!", "author_id": 5, "id": 29, "parent_id": null}, 
	{"text": "choot loot!", "author_id": 5, "id": 30, "parent_id": 15}, 
	{"text": "boot root!", "author_id": 5, "id": 31, "parent_id": 28}, 
	{"text": "boot boot!", "author_id": 9, "id": 32, "parent_id": null}, 
	{"text": "choot choot!", "author_id": 9, "id": 33, "parent_id": null}, 
	{"text": "loot toot!", "author_id": 3, "id": 34, "parent_id": 6}, 
	{"text": "noot zoot!", "author_id": 5, "id": 35, "parent_id": 19}, 
	{"text": "doot doot!", "author_id": 2, "id": 36, "parent_id": 17}, 
	{"text": "hoot boot!", "author_id": 2, "id": 37, "parent_id": 21}, 
	{"text": "woot zoot!", "author_id": 7, "id": 38, "parent_id": 4}, 
	{"text": "woot choot!", "author_id": 0, "id": 39, "parent_id": 19}, 
	{"text": "woot hoot!", "author_id": 3, "id": 40, "parent_id": 14}, {"text": "doot zoot!", "author_id": 1, "id": 41, "parent_id": 14}, {"text": "hoot loot!", "author_id": 8, "id": 42, "parent_id": 2}, {"text": "loot boot!", "author_id": 9, "id": 43, "parent_id": null}, {"text": "root zoot!", "author_id": 3, "id": 44, "parent_id": null}, {"text": "boot choot!", "author_id": 5, "id": 45, "parent_id": 2}, {"text": "woot root!", "author_id": 4, "id": 46, "parent_id": 15}, {"text": "woot loot!", "author_id": 9, "id": 47, "parent_id": 11}, {"text": "noot choot!", "author_id": 0, "id": 48, "parent_id": null}, {"text": "hoot toot!", "author_id": 9, "id": 49, "parent_id": 36}, {"text": "zoot zoot!", "author_id": 2, "id": 50, "parent_id": null}, {"text": "zoot zoot!", "author_id": 7, "id": 51, "parent_id": 24}, {"text": "loot noot!", "author_id": 3, "id": 52, "parent_id": null}, {"text": "toot root!", "author_id": 1, "id": 53, "parent_id": 37}, {"text": "woot hoot!", "author_id": 1, "id": 54, "parent_id": 23}, {"text": "loot doot!", "author_id": 9, "id": 55, "parent_id": null}, {"text": "zoot hoot!", "author_id": 2, "id": 56, "parent_id": 17}, {"text": "hoot loot!", "author_id": 2, "id": 57, "parent_id": null}, {"text": "noot toot!", "author_id": 9, "id": 58, "parent_id": null}, {"text": "choot loot!", "author_id": 7, "id": 59, "parent_id": 47}, {"text": "hoot choot!", "author_id": 2, "id": 60, "parent_id": 21}, {"text": "toot noot!", "author_id": 0, "id": 61, "parent_id": null}, {"text": "woot loot!", "author_id": 0, "id": 62, "parent_id": 0}, {"text": "zoot hoot!", "author_id": 2, "id": 63, "parent_id": 46}, {"text": "choot woot!", "author_id": 8, "id": 64, "parent_id": null}, {"text": "toot boot!", "author_id": 1, "id": 65, "parent_id": null}, {"text": "root woot!", "author_id": 4, "id": 66, "parent_id": null}, {"text": "noot hoot!", "author_id": 0, "id": 67, "parent_id": 26}, {"text": "doot noot!", "author_id": 1, "id": 68, "parent_id": null}, {"text": "loot toot!", "author_id": 5, "id": 69, "parent_id": 60}, {"text": "root noot!", "author_id": 1, "id": 70, "parent_id": null}, {"text": "loot boot!", "author_id": 0, "id": 71, "parent_id": 54}, {"text": "choot choot!", "author_id": 4, "id": 72, "parent_id": 70}, {"text": "doot toot!", "author_id": 0, "id": 73, "parent_id": 0}, {"text": "hoot noot!", "author_id": 6, "id": 74, "parent_id": null}, {"text": "choot hoot!", "author_id": 0, "id": 75, "parent_id": null}, {"text": "noot zoot!", "author_id": 8, "id": 76, "parent_id": 27}, {"text": "hoot woot!", "author_id": 0, "id": 77, "parent_id": null}, {"text": "boot hoot!", "author_id": 7, "id": 78, "parent_id": null}, {"text": "toot noot!", "author_id": 2, "id": 79, "parent_id": 4}, {"text": "doot doot!", "author_id": 6, "id": 80, "parent_id": null}, {"text": "zoot root!", "author_id": 4, "id": 81, "parent_id": 70}, {"text": "woot zoot!", "author_id": 8, "id": 82, "parent_id": 30}, {"text": "woot toot!", "author_id": 3, "id": 83, "parent_id": 29}, {"text": "toot doot!", "author_id": 6, "id": 84, "parent_id": 54}, {"text": "loot doot!", "author_id": 1, "id": 85, "parent_id": 8}, {"text": "root boot!", "author_id": 7, "id": 86, "parent_id": 6}, {"text": "zoot noot!", "author_id": 1, "id": 87, "parent_id": null}, {"text": "doot doot!", "author_id": 9, "id": 88, "parent_id": null}, {"text": "boot choot!", "author_id": 9, "id": 89, "parent_id": 70}, {"text": "zoot toot!", "author_id": 0, "id": 90, "parent_id": 24}, {"text": "choot hoot!", "author_id": 6, "id": 91, "parent_id": null}, {"text": "choot loot!", "author_id": 9, "id": 92, "parent_id": 51}, {"text": "doot woot!", "author_id": 7, "id": 93, "parent_id": null}, {"text": "root toot!", "author_id": 1, "id": 94, "parent_id": 41}, {"text": "doot zoot!", "author_id": 8, "id": 95, "parent_id": null}, {"text": "woot zoot!", "author_id": 1, "id": 96, "parent_id": 34}, {"text": "root noot!", "author_id": 8, "id": 97, "parent_id": null}, {"text": "zoot choot!", "author_id": 2, "id": 98, "parent_id": null}, {"text": "zoot zoot!", "author_id": 0, "id": 99, "parent_id": null}]